date,strategy,training_start,training_end,training_observations,condition_number,minimum_eigenvalue,shrinkage,effective_n_assets,largest_weight
2013-01-02,quarterly_equal_weight,2011-12-29,2012-12-31,252,,,,9.0,0.1111111111111111
2013-01-02,inverse_volatility,2011-12-29,2012-12-31,252,,,,6.332140142910101,0.2452191622628812
2013-01-02,ledoit_wolf_min_variance,2011-12-29,2012-12-31,252,88.59689403678365,4.831194678800706e-06,0.025004424814459573,2.9061967986473203,0.4
2013-01-02,sample_min_variance,2011-12-29,2012-12-31,252,144.9182711695929,3.0279694344325182e-06,,2.8787036835919038,0.4
2013-04-01,ledoit_wolf_min_variance,2012-03-27,2013-03-28,252,91.97638972784048,4.077460019709546e-06,0.027436260310941065,2.922270085374998,0.4
2013-04-01,quarterly_equal_weight,2012-03-27,2013-03-28,252,,,,9.0,0.1111111111111111
2013-04-01,inverse_volatility,2012-03-27,2013-03-28,252,,,,6.342088317416965,0.2458375411296214
2013-04-01,sample_min_variance,2012-03-27,2013-03-28,252,163.5337479260877,2.356045132103152e-06,,2.9143269153830667,0.3999999999999999
2013-07-01,inverse_volatility,2012-06-27,2013-06-28,252,,,,6.841540189308133,0.22674740841074287
2013-07-01,ledoit_wolf_min_variance,2012-06-27,2013-06-28,252,58.852464446665955,5.927114981958731e-06,0.054743050419892865,2.9269365403662597,0.4
2013-07-01,quarterly_equal_weight,2012-06-27,2013-06-28,252,,,,9.0,0.1111111111111111
2013-07-01,sample_min_variance,2012-06-27,2013-06-28,252,172.4325634513288,2.124461364961112e-06,,2.922696478968959,0.4
2013-10-01,inverse_volatility,2012-09-27,2013-09-30,252,,,,7.386877512751192,0.20516294948000713
2013-10-01,ledoit_wolf_min_variance,2012-09-27,2013-09-30,252,45.862058410748006,6.7828140194788496e-06,0.0659230975096219,3.2650545976276995,0.39880319815176396
2013-10-01,quarterly_equal_weight,2012-09-27,2013-09-30,252,,,,9.0,0.1111111111111111
2013-10-01,sample_min_variance,2012-09-27,2013-09-30,252,154.65666514555994,2.12854035536425e-06,,3.1697123882936493,0.4
2014-01-02,inverse_volatility,2013-01-02,2013-12-31,252,,,,7.463612528309054,0.20120603650826852
2014-01-02,ledoit_wolf_min_variance,2013-01-02,2013-12-31,252,48.91728275736487,6.483528790557858e-06,0.06299074921077837,3.382619796905296,0.3838962779549738
2014-01-02,quarterly_equal_weight,2013-01-02,2013-12-31,252,,,,9.0,0.1111111111111111
2014-01-02,sample_min_variance,2013-01-02,2013-12-31,252,177.09655019686852,1.8903216961085569e-06,,3.254785556537424,0.4
2014-04-01,sample_min_variance,2013-04-02,2014-03-31,252,186.14710492915958,1.90895068799991e-06,,3.3589308628163064,0.4000000000000001
2014-04-01,quarterly_equal_weight,2013-04-02,2014-03-31,252,,,,9.0,0.1111111111111111
2014-04-01,inverse_volatility,2013-04-02,2014-03-31,252,,,,7.449483097687636,0.2010214756289291
2014-04-01,ledoit_wolf_min_variance,2013-04-02,2014-03-31,252,52.478775528509075,6.445479273505849e-06,0.0574625646871592,3.4318364156087613,0.38304445036603907
2014-07-01,inverse_volatility,2013-07-01,2014-06-30,252,,,,7.528316233311038,0.19728326289103204
2014-07-01,ledoit_wolf_min_variance,2013-07-01,2014-06-30,252,52.258092695833525,4.240968817082347e-06,0.05208079280674253,3.6196413997342813,0.36021575663856753
2014-07-01,quarterly_equal_weight,2013-07-01,2014-06-30,252,,,,9.0,0.1111111111111111
2014-07-01,sample_min_variance,2013-07-01,2014-06-30,252,173.64670187284008,1.3335973723136648e-06,,3.523356216696433,0.3767661512409659
2014-10-01,ledoit_wolf_min_variance,2013-10-01,2014-09-30,252,64.09006000389317,2.8634181113190287e-06,0.04023137378545363,3.2061807604233907,0.39039244740469264
2014-10-01,sample_min_variance,2013-10-01,2014-09-30,252,180.24779412076956,1.0542707519770986e-06,,3.112199151481112,0.39756367467431697
2014-10-01,inverse_volatility,2013-10-01,2014-09-30,252,,,,7.175713827816708,0.2169809015789864
2014-10-01,quarterly_equal_weight,2013-10-01,2014-09-30,252,,,,9.0,0.1111111111111111
2015-01-02,sample_min_variance,2014-01-02,2014-12-31,252,151.07334333810624,1.3656468391443855e-06,,2.9240615878587533,0.4
2015-01-02,ledoit_wolf_min_variance,2014-01-02,2014-12-31,252,57.016429472304104,3.4886554827150638e-06,0.04267728431978097,2.97605499619606,0.4
2015-01-02,inverse_volatility,2014-01-02,2014-12-31,252,,,,6.948525443885664,0.22924845157701043
2015-01-02,quarterly_equal_weight,2014-01-02,2014-12-31,252,,,,9.0,0.1111111111111111
2015-04-01,inverse_volatility,2014-04-01,2015-03-31,252,,,,7.1447228824584315,0.21944704039351276
2015-04-01,sample_min_variance,2014-04-01,2015-03-31,252,128.1635805079354,1.6998167257840247e-06,,2.878592689220009,0.3999999999999999
2015-04-01,ledoit_wolf_min_variance,2014-04-01,2015-03-31,252,44.142339813078685,4.727748127397088e-06,0.052629188817691804,2.9740175952323025,0.39991777004182727
2015-04-01,quarterly_equal_weight,2014-04-01,2015-03-31,252,,,,9.0,0.1111111111111111
2015-07-01,sample_min_variance,2014-07-01,2015-06-30,252,136.71382799475126,1.8456156765704117e-06,,2.9997376457100606,0.3999999999999999
2015-07-01,ledoit_wolf_min_variance,2014-07-01,2015-06-30,252,50.470751539796346,4.818273372606088e-06,0.04456445744062831,3.062647420570501,0.38847508181795576
2015-07-01,inverse_volatility,2014-07-01,2015-06-30,252,,,,7.27952813274773,0.21233860122054057
2015-07-01,quarterly_equal_weight,2014-07-01,2015-06-30,252,,,,9.0,0.1111111111111111
2015-10-01,ledoit_wolf_min_variance,2014-10-01,2015-09-30,252,74.0886561796603,5.405020093661671e-06,0.03662842576318865,2.970658992632658,0.4
2015-10-01,inverse_volatility,2014-10-01,2015-09-30,252,,,,6.896115816053835,0.22886976326110467
2015-10-01,quarterly_equal_weight,2014-10-01,2015-09-30,252,,,,9.0,0.1111111111111111
2015-10-01,sample_min_variance,2014-10-01,2015-09-30,252,194.44243928730307,2.1282788121032053e-06,,2.908515923700516,0.4
2016-01-04,quarterly_equal_weight,2015-01-02,2015-12-31,252,,,,9.0,0.1111111111111111
2016-01-04,inverse_volatility,2015-01-02,2015-12-31,252,,,,6.8947617258986424,0.23355119366932317
2016-01-04,ledoit_wolf_min_variance,2015-01-02,2015-12-31,252,90.68504820948579,4.679556901434885e-06,0.03211590492103812,3.011791974837414,0.3999999999999999
2016-01-04,sample_min_variance,2015-01-02,2015-12-31,252,243.49681125963875,1.7952387432757683e-06,,2.9377089483878076,0.4
2016-04-01,inverse_volatility,2015-04-01,2016-03-31,252,,,,6.44654091563851,0.25130479691696483
2016-04-01,ledoit_wolf_min_variance,2015-04-01,2016-03-31,252,113.78733421591136,4.574042224157994e-06,0.024709429443128678,3.0134987574195518,0.4
2016-04-01,quarterly_equal_weight,2015-04-01,2016-03-31,252,,,,9.0,0.1111111111111111
2016-04-01,sample_min_variance,2015-04-01,2016-03-31,252,248.32483952714475,2.1472645755385703e-06,,3.0124032498733824,0.40000000000000013
2016-07-01,inverse_volatility,2015-07-02,2016-06-30,252,,,,5.957411408922578,0.26636164061672746
2016-07-01,quarterly_equal_weight,2015-07-02,2016-06-30,252,,,,9.0,0.1111111111111111
2016-07-01,sample_min_variance,2015-07-02,2016-06-30,252,301.29947819992236,2.0719893949189178e-06,,3.0199273803138773,0.4
2016-07-01,ledoit_wolf_min_variance,2015-07-02,2016-06-30,252,114.52530280283136,5.296302390985181e-06,0.029824829703516298,3.0219802964738953,0.4
2016-10-03,sample_min_variance,2015-10-02,2016-09-30,252,281.1873624896454,1.7437384188505078e-06,,2.9284132070801183,0.3999999999999999
2016-10-03,quarterly_equal_weight,2015-10-02,2016-09-30,252,,,,9.0,0.1111111111111111
2016-10-03,ledoit_wolf_min_variance,2015-10-02,2016-09-30,252,88.44780472232303,5.346922820476794e-06,0.0391628931676523,2.9350757516441397,0.4
2016-10-03,inverse_volatility,2015-10-02,2016-09-30,252,,,,6.1371058576300985,0.26265762240340845
2017-01-03,sample_min_variance,2016-01-04,2016-12-30,252,261.04424201382676,1.7145091705163327e-06,,2.9094991510136357,0.4
2017-01-03,quarterly_equal_weight,2016-01-04,2016-12-30,252,,,,9.0,0.1111111111111111
2017-01-03,ledoit_wolf_min_variance,2016-01-04,2016-12-30,252,71.87326318347347,5.966449643051404e-06,0.04777808200031146,2.9194625987369576,0.4
2017-01-03,inverse_volatility,2016-01-04,2016-12-30,252,,,,6.262901097293765,0.2590344630983384
2017-04-03,quarterly_equal_weight,2016-04-04,2017-03-31,252,,,,9.0,0.1111111111111111
2017-04-03,ledoit_wolf_min_variance,2016-04-04,2017-03-31,252,38.51777995541917,6.921465064174963e-06,0.08918125232056884,3.0664961519762004,0.3999999999999999
2017-04-03,sample_min_variance,2016-04-04,2017-03-31,252,290.838718261865,9.875830344100848e-07,,2.8463370438461384,0.3999999999999999
2017-04-03,inverse_volatility,2016-04-04,2017-03-31,252,,,,6.669108722353924,0.24685825553526575
2017-07-03,inverse_volatility,2016-07-01,2017-06-30,252,,,,7.092924225655066,0.23202021485024055
2017-07-03,sample_min_variance,2016-07-01,2017-06-30,252,214.66591362951604,8.633281681703817e-07,,2.9809837127234635,0.3999999999999999
2017-07-03,quarterly_equal_weight,2016-07-01,2017-06-30,252,,,,9.0,0.1111111111111111
2017-07-03,ledoit_wolf_min_variance,2016-07-01,2017-06-30,252,49.36142563037033,3.5864455818910894e-06,0.05598476240410744,3.069133715977443,0.4
2017-10-02,inverse_volatility,2016-09-30,2017-09-29,252,,,,7.171442602963851,0.22832054690263093
2017-10-02,sample_min_variance,2016-09-30,2017-09-29,252,143.0850759618564,9.647031841816195e-07,,3.0953375287479483,0.39999999999999997
2017-10-02,ledoit_wolf_min_variance,2016-09-30,2017-09-29,252,36.801247326903145,3.5710711319793433e-06,0.06355709760486032,3.1376331658302425,0.39999999999999997
2017-10-02,quarterly_equal_weight,2016-09-30,2017-09-29,252,,,,9.0,0.1111111111111111
2018-01-02,quarterly_equal_weight,2016-12-30,2017-12-29,252,,,,9.0,0.1111111111111111
2018-01-02,sample_min_variance,2016-12-30,2017-12-29,252,121.07159927785467,8.345816906022453e-07,,3.018173695619358,0.3999999999999999
2018-01-02,ledoit_wolf_min_variance,2016-12-30,2017-12-29,252,40.23278413664634,2.4153276134629404e-06,0.05061394878784517,3.1044131560363177,0.38497736270723143
2018-01-02,inverse_volatility,2016-12-30,2017-12-29,252,,,,7.258210496259484,0.22205979982265978
2018-04-02,sample_min_variance,2017-03-30,2018-03-29,252,190.12949325695044,1.050068597616036e-06,,2.963974258708438,0.4000000000000001
2018-04-02,quarterly_equal_weight,2017-03-30,2018-03-29,252,,,,9.0,0.1111111111111111
2018-04-02,ledoit_wolf_min_variance,2017-03-30,2018-03-29,252,53.277852934451175,3.56657665059482e-06,0.057417887104013306,2.9707928013311102,0.4
2018-04-02,inverse_volatility,2017-03-30,2018-03-29,252,,,,6.482703436745669,0.26239894379372153
2018-07-02,quarterly_equal_weight,2017-06-30,2018-06-29,252,,,,9.0,0.1111111111111111
2018-07-02,sample_min_variance,2017-06-30,2018-06-29,252,307.7573157532374,7.424996339752785e-07,,3.0236758605280762,0.4000000000000001
2018-07-02,ledoit_wolf_min_variance,2017-06-30,2018-06-29,252,75.82736071959968,2.893115543336731e-06,0.04575069496955857,3.024743394068449,0.3999999999999999
2018-07-02,inverse_volatility,2017-06-30,2018-06-29,252,,,,6.315224331387536,0.27336257301946654
2018-10-01,ledoit_wolf_min_variance,2017-09-29,2018-09-28,252,96.55453830355832,2.5134267796989803e-06,0.03925013708768793,3.0243305520592627,0.4
2018-10-01,quarterly_equal_weight,2017-09-29,2018-09-28,252,,,,9.0,0.1111111111111111
2018-10-01,sample_min_variance,2017-09-29,2018-09-28,252,449.4452626979074,5.596604328542534e-07,,3.0229742809222886,0.3999999999999999
2018-10-01,inverse_volatility,2017-09-29,2018-09-28,252,,,,6.0299689127137235,0.2897090994226081
2019-01-02,quarterly_equal_weight,2017-12-29,2018-12-31,252,,,,9.0,0.1111111111111111
2019-01-02,ledoit_wolf_min_variance,2017-12-29,2018-12-31,252,128.01925509012773,2.862043049585892e-06,0.028543994607175716,2.999538688517816,0.4
2019-01-02,inverse_volatility,2017-12-29,2018-12-31,252,,,,5.719004051925008,0.29652424968904545
2019-01-02,sample_min_variance,2017-12-29,2018-12-31,252,432.50553386152995,8.706889556398688e-07,,2.997181422216661,0.4
2019-04-01,quarterly_equal_weight,2018-03-29,2019-03-29,252,,,,9.0,0.1111111111111111
2019-04-01,ledoit_wolf_min_variance,2018-03-29,2019-03-29,252,102.55993467584938,2.9526736023062755e-06,0.031195741385083676,3.0169405799771525,0.4
2019-04-01,sample_min_variance,2018-03-29,2019-03-29,252,293.0071005518017,1.0642293262002797e-06,,3.0144930858899768,0.4
2019-04-01,inverse_volatility,2018-03-29,2019-03-29,252,,,,5.936794856215873,0.2799173002302126
2019-07-01,ledoit_wolf_min_variance,2018-06-28,2019-06-28,252,93.3348235846713,3.199515000390237e-06,0.03300160231567709,3.0398423627940496,0.4000000000000001
2019-07-01,sample_min_variance,2018-06-28,2019-06-28,252,260.1047401585604,1.1837919463523117e-06,,3.0382992401778663,0.4
2019-07-01,quarterly_equal_weight,2018-06-28,2019-06-28,252,,,,9.0,0.1111111111111111
2019-07-01,inverse_volatility,2018-06-28,2019-06-28,252,,,,6.035154890200003,0.26838253817220376
2019-10-01,inverse_volatility,2018-09-28,2019-09-30,252,,,,6.265263522766325,0.26727406405327353
2019-10-01,sample_min_variance,2018-09-28,2019-09-30,252,231.2742579406393,1.4457306299550907e-06,,3.0155960337168692,0.4
2019-10-01,quarterly_equal_weight,2018-09-28,2019-09-30,252,,,,9.0,0.1111111111111111
2019-10-01,ledoit_wolf_min_variance,2018-09-28,2019-09-30,252,86.21987055320447,3.7577281675853496e-06,0.034259875191097286,3.01691490035448,0.39999999999999997
2020-01-02,ledoit_wolf_min_variance,2019-01-02,2019-12-31,252,63.5453523210043,3.309924212736739e-06,0.044247427991767396,2.999215323762763,0.4
2020-01-02,sample_min_variance,2019-01-02,2019-12-31,252,195.9758724694901,1.1153561457296437e-06,,2.999155606981637,0.4
2020-01-02,quarterly_equal_weight,2019-01-02,2019-12-31,252,,,,9.0,0.1111111111111111
2020-01-02,inverse_volatility,2019-01-02,2019-12-31,252,,,,6.835101572204373,0.2497909838691258
2020-04-01,quarterly_equal_weight,2019-04-02,2020-03-31,252,,,,9.0,0.1111111111111111
2020-04-01,inverse_volatility,2019-04-02,2020-03-31,252,,,,7.351308220811137,0.2421713696968366
2020-04-01,sample_min_variance,2019-04-02,2020-03-31,252,191.51815320321316,7.3272072629916666e-06,,3.94370897694063,0.4
2020-04-01,ledoit_wolf_min_variance,2019-04-02,2020-03-31,252,36.27115728587103,3.4403646826261005e-05,0.1272775054602843,4.155065166814821,0.4
2020-07-01,quarterly_equal_weight,2019-07-02,2020-06-30,252,,,,9.0,0.1111111111111111
2020-07-01,sample_min_variance,2019-07-02,2020-06-30,252,189.64164160733026,9.582386585028294e-06,,3.9827263829829627,0.4000000000000001
2020-07-01,ledoit_wolf_min_variance,2019-07-02,2020-06-30,252,54.37450218732586,3.1018954807635164e-05,0.08044743113293902,4.138547648727948,0.3999999999999999
2020-07-01,inverse_volatility,2019-07-02,2020-06-30,252,,,,7.157786118199565,0.2521206135437529
2020-10-01,sample_min_variance,2019-10-02,2020-09-30,252,180.31121992696754,1.0295495030455777e-05,,4.018884487380685,0.4
2020-10-01,ledoit_wolf_min_variance,2019-10-02,2020-09-30,252,55.08809742768008,3.135867835379471e-05,0.07757391330126881,4.149112917554533,0.39999999999999997
2020-10-01,inverse_volatility,2019-10-02,2020-09-30,252,,,,7.089785734790656,0.2567295696906775
2020-10-01,quarterly_equal_weight,2019-10-02,2020-09-30,252,,,,9.0,0.1111111111111111
2021-01-04,quarterly_equal_weight,2020-01-03,2020-12-31,252,,,,9.0,0.1111111111111111
2021-01-04,ledoit_wolf_min_variance,2020-01-03,2020-12-31,252,58.05764451477988,3.1097289711532614e-05,0.07211948149888793,4.143807025856424,0.4
2021-01-04,sample_min_variance,2020-01-03,2020-12-31,252,180.27422011566898,1.0709108027021546e-05,,4.025667302417117,0.39999999999999997
2021-01-04,inverse_volatility,2020-01-03,2020-12-31,252,,,,6.984866456641408,0.26349531213105337
2021-04-01,inverse_volatility,2020-04-01,2021-03-31,252,,,,6.090951705750139,0.30928754669168834
2021-04-01,sample_min_variance,2020-04-01,2021-03-31,252,168.01415791907593,4.420939891127595e-06,,3.6135130483299087,0.4
2021-04-01,quarterly_equal_weight,2020-04-01,2021-03-31,252,,,,9.0,0.1111111111111111
2021-04-01,ledoit_wolf_min_variance,2020-04-01,2021-03-31,252,72.56546772035246,9.85099485942217e-06,0.041388736790157594,3.7829917084101523,0.4
2021-07-01,inverse_volatility,2020-07-01,2021-06-30,252,,,,6.265832044456903,0.2902137414647688
2021-07-01,sample_min_variance,2020-07-01,2021-06-30,252,145.2228940916894,2.4883130266596133e-06,,3.0177579304356112,0.4
2021-07-01,quarterly_equal_weight,2020-07-01,2021-06-30,252,,,,9.0,0.1111111111111111
2021-07-01,ledoit_wolf_min_variance,2020-07-01,2021-06-30,252,62.57001468541032,5.581052730695592e-06,0.03866892093979745,3.0204551933616504,0.4
2021-10-01,ledoit_wolf_min_variance,2020-10-01,2021-09-30,252,56.36130531826365,5.349609298252032e-06,0.04476393660432428,3.016237110561498,0.4
2021-10-01,quarterly_equal_weight,2020-10-01,2021-09-30,252,,,,9.0,0.1111111111111111
2021-10-01,inverse_volatility,2020-10-01,2021-09-30,252,,,,6.494643297405865,0.27744572165823306
2021-10-01,sample_min_variance,2020-10-01,2021-09-30,252,155.71030766708597,2.011987349837559e-06,,3.017409197530943,0.3999999999999999
2022-01-03,inverse_volatility,2021-01-04,2021-12-31,252,,,,6.925374338348113,0.2542591654122358
2022-01-03,sample_min_variance,2021-01-04,2021-12-31,252,161.6778875330692,1.8825223255611487e-06,,2.9617308289382867,0.4000000000000001
2022-01-03,quarterly_equal_weight,2021-01-04,2021-12-31,252,,,,9.0,0.1111111111111111
2022-01-03,ledoit_wolf_min_variance,2021-01-04,2021-12-31,252,54.295046438303984,5.380241182622218e-06,0.048258164337031666,2.9714439593578748,0.3999999999999999
2022-04-01,sample_min_variance,2021-04-05,2022-03-31,252,127.12156288738196,2.4967132490760316e-06,,2.9379082752641734,0.3999999999999999
2022-04-01,ledoit_wolf_min_variance,2021-04-05,2022-03-31,252,31.73953283447139,9.409712307761842e-06,0.07776326327440808,3.362055899229437,0.4
2022-04-01,quarterly_equal_weight,2021-04-05,2022-03-31,252,,,,9.0,0.1111111111111111
2022-04-01,inverse_volatility,2021-04-05,2022-03-31,252,,,,7.331517562165121,0.22657566375366772
2022-07-01,inverse_volatility,2021-07-01,2022-06-30,252,,,,7.490627380185462,0.22139109294563308
2022-07-01,sample_min_variance,2021-07-01,2022-06-30,252,120.52906213149916,4.122383535895315e-06,,3.252865012046943,0.4000000000000001
2022-07-01,quarterly_equal_weight,2021-07-01,2022-06-30,252,,,,9.0,0.1111111111111111
2022-07-01,ledoit_wolf_min_variance,2021-07-01,2022-06-30,252,45.74366757394031,1.0386788379682714e-05,0.05307021853156692,3.428637007258852,0.4000000000000001
2022-10-03,quarterly_equal_weight,2021-10-01,2022-09-30,252,,,,9.0,0.1111111111111111
2022-10-03,inverse_volatility,2021-10-01,2022-09-30,252,,,,7.767764721889861,0.2071246042990703
2022-10-03,ledoit_wolf_min_variance,2021-10-01,2022-09-30,252,51.38861092428325,1.1307947055806765e-05,0.04167899993433357,3.507074944347674,0.4000000000000001
2022-10-03,sample_min_variance,2021-10-01,2022-09-30,252,107.01712098517768,5.6306166541929545e-06,,3.386980681036316,0.4
2023-01-03,quarterly_equal_weight,2021-12-31,2022-12-30,252,,,,9.0,0.1111111111111111
2023-01-03,inverse_volatility,2021-12-31,2022-12-30,252,,,,7.790992086778308,0.20964295962404242
2023-01-03,ledoit_wolf_min_variance,2021-12-31,2022-12-30,252,60.340763002370956,1.2575812996067963e-05,0.03667172644012261,3.2924572884870953,0.40000000000000013
2023-01-03,sample_min_variance,2021-12-31,2022-12-30,252,117.44509674438277,6.679139330794692e-06,,3.195428749128283,0.39999999999999997
2023-04-03,quarterly_equal_weight,2022-03-31,2023-03-31,252,,,,9.0,0.1111111111111111
2023-04-03,inverse_volatility,2022-03-31,2023-03-31,252,,,,7.898912814740886,0.2067421455946434
2023-04-03,sample_min_variance,2022-03-31,2023-03-31,252,129.39130705871878,5.9580669511862564e-06,,3.1574258625707587,0.3999999999999999
2023-04-03,ledoit_wolf_min_variance,2022-03-31,2023-03-31,252,71.4782843010085,1.0479248254209396e-05,0.030670852094092982,3.2677746628794075,0.39999999999999986
2023-07-03,ledoit_wolf_min_variance,2022-06-30,2023-06-30,252,64.4391207299169,8.908629609755054e-06,0.03870241656492241,3.175751749377583,0.40000000000000013
2023-07-03,sample_min_variance,2022-06-30,2023-06-30,252,141.698688395556,4.19514501332689e-06,,3.0131498549296025,0.3999999999999999
2023-07-03,inverse_volatility,2022-06-30,2023-06-30,252,,,,7.948673574038356,0.20643060561723747
2023-07-03,quarterly_equal_weight,2022-06-30,2023-06-30,252,,,,9.0,0.1111111111111111
2023-10-02,inverse_volatility,2022-09-29,2023-09-29,252,,,,7.939176780693757,0.20823536186927363
2023-10-02,sample_min_variance,2022-09-29,2023-09-29,252,145.14684615218243,3.406249547321428e-06,,3.110599217990701,0.39999999999999997
2023-10-02,quarterly_equal_weight,2022-09-29,2023-09-29,252,,,,9.0,0.1111111111111111
2023-10-02,ledoit_wolf_min_variance,2022-09-29,2023-09-29,252,59.285675922265064,8.005338259846171e-06,0.045915726362507424,3.3269356014601343,0.4
2024-01-02,inverse_volatility,2022-12-29,2023-12-29,252,,,,8.019554076045669,0.20387059389043394
2024-01-02,quarterly_equal_weight,2022-12-29,2023-12-29,252,,,,9.0,0.1111111111111111
2024-01-02,ledoit_wolf_min_variance,2022-12-29,2023-12-29,252,64.1151375437541,5.252349065443089e-06,0.03622030534663917,3.8859104517456413,0.3999999999999999
2024-01-02,sample_min_variance,2022-12-29,2023-12-29,252,151.76704947780865,2.290496990649801e-06,,3.8873372307524603,0.3999999999999999
2024-04-01,quarterly_equal_weight,2023-03-29,2024-03-28,252,,,,9.0,0.1111111111111111
2024-04-01,ledoit_wolf_min_variance,2023-03-29,2024-03-28,252,69.67159917163583,4.209107087764618e-06,0.035318781069270735,3.9111518109588066,0.4
2024-04-01,inverse_volatility,2023-03-29,2024-03-28,252,,,,7.879801914375413,0.21395251937566434
2024-04-01,sample_min_variance,2023-03-29,2024-03-28,252,167.48145213686075,1.8069422665444857e-06,,3.9010508738746563,0.4
2024-07-01,quarterly_equal_weight,2023-06-29,2024-06-28,252,,,,9.0,0.1111111111111111
2024-07-01,inverse_volatility,2023-06-29,2024-06-28,252,,,,7.868729897046666,0.21519211724137324
2024-07-01,ledoit_wolf_min_variance,2023-06-29,2024-06-28,252,82.35218321808838,3.7494064359251177e-06,0.03296559926805086,3.6933535006512206,0.4
2024-07-01,sample_min_variance,2023-06-29,2024-06-28,252,204.98047174820718,1.552487230480441e-06,,3.655527966933583,0.4
2024-10-01,ledoit_wolf_min_variance,2023-09-29,2024-09-30,252,72.75804417163721,4.107862053445267e-06,0.037891358772266875,3.3716769835537814,0.4
2024-10-01,sample_min_variance,2023-09-29,2024-09-30,252,221.29213389814572,1.3963367180812818e-06,,3.353045412767012,0.4
2024-10-01,inverse_volatility,2023-09-29,2024-09-30,252,,,,7.470202573055454,0.23712244045949074
2024-10-01,quarterly_equal_weight,2023-09-29,2024-09-30,252,,,,9.0,0.1111111111111111
2025-01-02,sample_min_variance,2024-01-02,2024-12-31,252,215.29344371146286,1.2496155817230584e-06,,3.134364410319928,0.3999999999999999
2025-01-02,inverse_volatility,2024-01-02,2024-12-31,252,,,,7.075237961204755,0.2567180573634528
2025-01-02,quarterly_equal_weight,2024-01-02,2024-12-31,252,,,,9.0,0.1111111111111111
2025-01-02,ledoit_wolf_min_variance,2024-01-02,2024-12-31,252,64.90947974539668,3.997007240092729e-06,0.0422730233996693,3.1999442199806167,0.3999999999999999
2025-04-01,sample_min_variance,2024-03-28,2025-03-31,252,276.87861419157394,9.960412024134987e-07,,2.9747122132347097,0.4
2025-04-01,ledoit_wolf_min_variance,2024-03-28,2025-03-31,252,65.85509784683029,4.035015955013683e-06,0.04386139220978198,3.0530007780877364,0.4000000000000001
2025-04-01,quarterly_equal_weight,2024-03-28,2025-03-31,252,,,,9.0,0.1111111111111111
2025-04-01,inverse_volatility,2024-03-28,2025-03-31,252,,,,6.856977322286913,0.26672917010307834
2025-07-01,sample_min_variance,2024-06-27,2025-06-30,252,321.27883830272833,1.4696290936873637e-06,,2.9495085340330864,0.4
2025-07-01,ledoit_wolf_min_variance,2024-06-27,2025-06-30,252,33.42406857759693,1.2818645317851449e-05,0.11345563411225172,2.965692795197228,0.4
2025-07-01,inverse_volatility,2024-06-27,2025-06-30,252,,,,6.43397014808094,0.286566020866076
2025-07-01,quarterly_equal_weight,2024-06-27,2025-06-30,252,,,,9.0,0.1111111111111111
2025-10-01,inverse_volatility,2024-09-27,2025-09-30,252,,,,6.537335875912733,0.2813799019728005
2025-10-01,quarterly_equal_weight,2024-09-27,2025-09-30,252,,,,9.0,0.1111111111111111
2025-10-01,sample_min_variance,2024-09-27,2025-09-30,252,288.8552821581815,1.4385000639304648e-06,,2.935223081707003,0.4000000000000001
2025-10-01,ledoit_wolf_min_variance,2024-09-27,2025-09-30,252,25.48645470360805,1.4435994535223132e-05,0.14293186354257223,3.129098596885088,0.4
